descrição,valor (R$)
"Fone de Ouvido Bluetooth Pulse Escape com Microfone e Controles Touch, Motorola, Preto",129
"Fone de Ouvido Bluetooth, Edifier, W800BTBK, Preto",224
"Fone de Ouvido, JBL, Tune 110 Intra-Auricular, Preto",53
"Philips SHE1405BK/10 Fone de Ouvido com Microfone, Preto",26
"Fone de Ouvido Pulse 2 com Microfone, Motorola, Sh005, Preto, Único",58
"Fone de Ouvido Dobrável, Sony",59
"Fone de Ouvido Intra-Auricular, Sony, Preto",41
"Fone de Ouvido OverEar, XB550, Sony, Preto, Médio",144
"Fone de Ouvido Intra Auricular, Philips, SHE4205BK/00, Branco",80
"Fone Btpulse Escape Bco, Motorola, SH012BCO, Acessórios para Smartwatch, Branco, Único",129
"Fone de Ouvido Arco Sport, Multilaser, Bluetooth, Preto, PH181",116
"Fone de Ouvido Bluetooth, Geonav, Aermove, AER01B, Cinza Espacial",87
"Fone de Ouvido OnEar Bluetooth, Sony, Preto, Médio",215
"Fone de Ouvido Intra-Auricular, Philips, SHE3705WT/00, Branco",48
"FONE DE OUVIDO SHQ1405BL/00 PHILIPS AZUL, Philips, SHQ1405BL/00",96
